{
  "totalTokens": 50000,
  "toBlock": 16000000,
  "liquidityCutoff": 10000,
  "pairs": {
    "0x50a4867aee9cafd6ddc84de3ce59df027cb29084": 2114548.0816497323,
    "0xeba7cc57e6f745b8d5cab829e07346c65393d78e": 1723621.9318273845,
    "0x4505b262dc053998c10685dc5f9098af8ae5c8ad": 1469012.8917562098,
    "0xb2e92227ea88afd1656dddde5338a0b37615fced": 889520.8799549431,
    "0x89e2f342b411032a580fefa17f96da6a5bef4112": 809442.5824376091,
    "0x7bea4af5d425f2d4485bdad1859c88617df31a67": 460002.30598789,
    "0x1af298d8bfd6e36ccdfd4b3659077d7a3b573d45": 403921.9563749358,
    "0x0e3e9cceb13c9f8c6faf7a0f00f872d6291630de": 354562.8138549985,
    "0xb3011007ebbb56c791eaebf87fe035190b8dbe62": 277486.087081826,
    "0x40e93143cbc9e3a20fd3d4f3e6fb7ca9e778b571": 260320.6865864692,
    "0x298c7326a6e4a6108b88520f285c7dc89403347d": 222787.345990985,
    "0x01f4a4d82a4c1cf12eb2dadc35fd87a14526cc79": 183762.22269926564,
    "0x60d0ec09c30c07f49722f465d865bc4a3b75e1a0": 181394.53324638994,
    "0x0110f008b8815cf00514d54ea11bfa8bb555c69b": 180231.50144428748,
    "0x7389e26cf1f9a9a3caf323403ce4bded2396b3c9": 163778.52814417187,
    "0xa7595bef2929e9c282f2f6b50df4d514797c08d2": 159606.4514309535,
    "0x497a9de70b99003469a66bce2e49f6317adc36fb": 132740.87728638275,
    "0xb2b15dae735e52ca0902824570bd2458d78672f8": 125318.01114030807,
    "0x641c83e7601273ec6d8183dd0c07e0fa2676cec7": 97631.71875716238,
    "0x5007f17b3901585082923c93d112dce0ecd8795d": 96548.75450534788,
    "0xf95d383b4062c83fc40ab3dea0891050609ceb0b": 71952.39068350867,
    "0x1384d8a5dbd206aa312c700358f3e41ab61756c4": 67718.79193708285,
    "0x077240a400b1740c8cd6f73dea37da1f703d8c00": 53148.0812492031,
    "0x8c573e7ce337965b97d35b39b6a9a5a09864804a": 53075.279756495576,
    "0xbfc0e0d816965856c85f5420aba082797348f32a": 51839.547617891636,
    "0x10e0a7dd52d4c600a4435a6632f3111aa4f18662": 49865.77302255703,
    "0x02db421d58911a091f3a05014ae47dbcdf83ebda": 45038.90284365707,
    "0x41ac11f0ad98ed9ab965287a6784b6bd35a59663": 38488.081984531666,
    "0xaaefc56e97624b57ce98374eb4a45b6fd5ffb982": 34759.904724272565,
    "0x5426a4d0926d6cd2c003241d8fb1c9420e43ed26": 34562.154460499136,
    "0x8db8870ca4b8ac188c4d1a014f34a381ae27e1c2": 30176.47269667674,
    "0x919f58035f8bb94a0fa880f6b282977402083170": 29124.557580072295,
    "0x3e580e43d6a3dd4cde0cf71867e800f69287dfd3": 27770.99634700782,
    "0x53704af4ff9031ebd461cb498ca717a4b6bca95c": 26712.697776523244,
    "0x5805bb63e73ec272c74e210d280c05b41d719827": 26585.85605005851,
    "0x94b1244754f8c2a3451adbed3faeac9efaf160e0": 24449.569413155477,
    "0x1a7ef9e8ca6066019b62f5f6d5f1673d866ec2f5": 21228.814064294194,
    "0x0619e4499fb404f87a988fa62d94647de7c2c401": 21072.290965314616,
    "0x2cc9c94cf08f74c0078ed141bf7ecaed4603f045": 20983.189451937225,
    "0x35ada675bc0e91b2c3119d44796f25016262de23": 20704.679299535983,
    "0xd6c8ad00302ca94952e7746d956e8b45b0ea90e3": 19626.249668217293,
    "0xccace6772a98d8a3da115b63e816e500a12aad9a": 18402.77819507739,
    "0x3850a9f5fe9e5c6fba73f5f72f27811ea77865c1": 16930.468682319337,
    "0x20f5640639094e4c4e9522113786cf0788f7dcca": 16229.823073790832,
    "0x159eb41b54ae70d912f3e426bfdfa19888faa807": 15156.835013535456,
    "0x18219055d4abe775571fa6e5093a25739139096a": 15014.37309911695,
    "0x529410569eef63b2d73612f0f844a5133265af68": 14344.565147470536,
    "0x19b8eb5ffc078a0b50274c08d955900bd0007e32": 14333.396159436274,
    "0x3a1e746d7be75a8fb9ae3c1dab60c3ad2f2d41bd": 14185.636216088662,
    "0xa527dbc7cdb07dd5fdc2d837c7a2054e6d66daf4": 14165.003151154184,
    "0x5ce261cf77e466ef56003a36adfda02eb8b439f2": 13777.387205466155,
    "0x06bd3e59a9ff14f84989d25769839a1486ca3d7d": 13636.333361101764,
    "0xe2ae1949bba0f51ceef25b5fed7469d79059bc7b": 11861.544557558263,
    "0x3e8eefa6d724551ca56c6b4ea1b7a33cfcf0714b": 10962.512484478826,
    "0x429105909cd3f5e9a1010849e3fa76092d97c9f9": 10297.298213794169
  }
}